Entity,Code,Year,Gini coefficient
Albania,ALB,2010,
Albania,ALB,2011,
Albania,ALB,2012,0.28960484
Albania,ALB,2013,0.28960484
Albania,ALB,2014,0.34598896
Albania,ALB,2015,0.32753733
Albania,ALB,2016,0.33736297
Albania,ALB,2017,0.33055663
Albania,ALB,2018,0.30148283
Albania,ALB,2019,0.30115768
Albania,ALB,2020,0.2941963
Albania,ALB,2021,0.2941963
Albania,ALB,2022,0.2941963
Algeria,DZA,2010,
Algeria,DZA,2011,0.27615732
Algeria,DZA,2012,0.27615732
Algeria,DZA,2013,0.27615732
Algeria,DZA,2014,0.27615732
Algeria,DZA,2015,0.27615732
Algeria,DZA,2016,0.27615732
Algeria,DZA,2017,0.27615732
Algeria,DZA,2018,0.27615732
Algeria,DZA,2019,0.27615732
Algeria,DZA,2020,0.27615732
Algeria,DZA,2021,0.27615732
Algeria,DZA,2022,0.27615732
Angola,AGO,2010,
Angola,AGO,2011,
Angola,AGO,2012,
Angola,AGO,2013,
Angola,AGO,2014,
Angola,AGO,2015,
Angola,AGO,2016,
Angola,AGO,2017,
Angola,AGO,2018,0.5127211
Angola,AGO,2019,0.5127211
Angola,AGO,2020,0.5127211
Angola,AGO,2021,0.5127211
Angola,AGO,2022,0.5127211
Armenia,ARM,2010,0.29992583
Armenia,ARM,2011,0.29352945
Armenia,ARM,2012,0.29602262
Armenia,ARM,2013,0.30579662
Armenia,ARM,2014,0.3148329
Armenia,ARM,2015,0.32356772
Armenia,ARM,2016,0.32547948
Armenia,ARM,2017,0.3362184
Armenia,ARM,2018,0.344335
Armenia,ARM,2019,0.30031213
Armenia,ARM,2020,0.25131604
Armenia,ARM,2021,0.2794013
Armenia,ARM,2022,0.2794013
Australia,AUS,2010,0.34656727
Australia,AUS,2011,0.34656727
Australia,AUS,2012,0.34656727
Australia,AUS,2013,0.34656727
Australia,AUS,2014,0.34399432
Australia,AUS,2015,0.34399432
Australia,AUS,2016,0.3368581
Australia,AUS,2017,0.3368581
Australia,AUS,2018,0.34333763
Australia,AUS,2019,0.34333763
Australia,AUS,2020,0.34333763
Australia,AUS,2021,0.34333763
Australia,AUS,2022,0.34333763
Austria,AUT,2010,0.30252263
Austria,AUT,2011,0.3080167
Austria,AUT,2012,0.30476317
Austria,AUT,2013,0.30753133
Austria,AUT,2014,0.30535683
Austria,AUT,2015,0.30532774
Austria,AUT,2016,0.30797073
Austria,AUT,2017,0.29737586
Austria,AUT,2018,0.3084879
Austria,AUT,2019,0.30211553
Austria,AUT,2020,0.29801792
Austria,AUT,2021,0.29801792
Austria,AUT,2022,0.29801792
Azerbaijan,AZE,2010,
Azerbaijan,AZE,2011,
Azerbaijan,AZE,2012,
Azerbaijan,AZE,2013,
Azerbaijan,AZE,2014,
Azerbaijan,AZE,2015,
Azerbaijan,AZE,2016,
Azerbaijan,AZE,2017,
Azerbaijan,AZE,2018,
Azerbaijan,AZE,2019,
Azerbaijan,AZE,2020,
Azerbaijan,AZE,2021,
Azerbaijan,AZE,2022,0.26554906
Bangladesh,BGD,2010,0.3213032
Bangladesh,BGD,2011,0.3213032
Bangladesh,BGD,2012,0.3213032
Bangladesh,BGD,2013,0.3213032
Bangladesh,BGD,2014,0.3213032
Bangladesh,BGD,2015,0.3213032
Bangladesh,BGD,2016,0.32385272
Bangladesh,BGD,2017,0.32385272
Bangladesh,BGD,2018,0.32385272
Bangladesh,BGD,2019,0.32385272
Bangladesh,BGD,2020,0.32385272
Bangladesh,BGD,2021,0.32385272
Bangladesh,BGD,2022,0.3176719
Belarus,BLR,2010,0.285666
Belarus,BLR,2011,0.2715255
Belarus,BLR,2012,0.26526198
Belarus,BLR,2013,0.26575053
Belarus,BLR,2014,0.27176666
Belarus,BLR,2015,0.25633225
Belarus,BLR,2016,0.25306615
Belarus,BLR,2017,0.2544457
Belarus,BLR,2018,0.25240526
Belarus,BLR,2019,0.25277847
Belarus,BLR,2020,0.24383356
Belarus,BLR,2021,0.24383356
Belarus,BLR,2022,0.24383356
Belgium,BEL,2010,0.2837519
Belgium,BEL,2011,0.28060696
Belgium,BEL,2012,0.27491096
Belgium,BEL,2013,0.276692
Belgium,BEL,2014,0.28134146
Belgium,BEL,2015,0.27729464
Belgium,BEL,2016,0.27580982
Belgium,BEL,2017,0.27387968
Belgium,BEL,2018,0.27214414
Belgium,BEL,2019,0.27219802
Belgium,BEL,2020,0.2595833
Belgium,BEL,2021,0.2595833
Belgium,BEL,2022,0.2595833
Belize,BLZ,2010,
Belize,BLZ,2011,
Belize,BLZ,2012,
Belize,BLZ,2013,
Belize,BLZ,2014,
Belize,BLZ,2015,
Belize,BLZ,2016,
Belize,BLZ,2017,
Belize,BLZ,2018,
Belize,BLZ,2019,
Belize,BLZ,2020,
Belize,BLZ,2021,
Belize,BLZ,2022,0.53262764
Benin,BEN,2010,
Benin,BEN,2011,0.43439707
Benin,BEN,2012,0.43439707
Benin,BEN,2013,0.43439707
Benin,BEN,2014,0.43439707
Benin,BEN,2015,0.47755915
Benin,BEN,2016,0.47755915
Benin,BEN,2017,0.47755915
Benin,BEN,2018,0.37948644
Benin,BEN,2019,0.37948644
Benin,BEN,2020,0.37948644
Benin,BEN,2021,0.37948644
Benin,BEN,2022,0.37948644
Bhutan,BTN,2010,
Bhutan,BTN,2011,
Bhutan,BTN,2012,0.38809326
Bhutan,BTN,2013,0.38809326
Bhutan,BTN,2014,0.38809326
Bhutan,BTN,2015,0.38809326
Bhutan,BTN,2016,0.38809326
Bhutan,BTN,2017,0.3744141
Bhutan,BTN,2018,0.3744141
Bhutan,BTN,2019,0.3744141
Bhutan,BTN,2020,0.3744141
Bhutan,BTN,2021,0.3744141
Bhutan,BTN,2022,0.2845992
Bolivia,BOL,2010,
Bolivia,BOL,2011,0.46080953
Bolivia,BOL,2012,0.46581927
Bolivia,BOL,2013,0.47589034
Bolivia,BOL,2014,0.47830656
Bolivia,BOL,2015,0.46732494
Bolivia,BOL,2016,0.45244002
Bolivia,BOL,2017,0.44618952
Bolivia,BOL,2018,0.42579758
Bolivia,BOL,2019,0.41644758
Bolivia,BOL,2020,0.43645486
Bolivia,BOL,2021,0.40913323
Bolivia,BOL,2022,0.40913323
Bosnia and Herzegovina,BIH,2010,
Bosnia and Herzegovina,BIH,2011,0.33030185
Bosnia and Herzegovina,BIH,2012,0.33030185
Bosnia and Herzegovina,BIH,2013,0.33030185
Bosnia and Herzegovina,BIH,2014,0.33030185
Bosnia and Herzegovina,BIH,2015,0.33030185
Bosnia and Herzegovina,BIH,2016,0.33030185
Bosnia and Herzegovina,BIH,2017,0.33030185
Bosnia and Herzegovina,BIH,2018,0.33030185
Bosnia and Herzegovina,BIH,2019,0.33030185
Bosnia and Herzegovina,BIH,2020,0.33030185
Bosnia and Herzegovina,BIH,2021,0.33030185
Bosnia and Herzegovina,BIH,2022,0.33030185
Botswana,BWA,2010,
Botswana,BWA,2011,
Botswana,BWA,2012,
Botswana,BWA,2013,
Botswana,BWA,2014,
Botswana,BWA,2015,0.5332503
Botswana,BWA,2016,0.5332503
Botswana,BWA,2017,0.5332503
Botswana,BWA,2018,0.5332503
Botswana,BWA,2019,0.5332503
Botswana,BWA,2020,0.5332503
Botswana,BWA,2021,0.5332503
Botswana,BWA,2022,0.5332503
Brazil,BRA,2010,
Brazil,BRA,2011,0.5294759
Brazil,BRA,2012,0.53439856
Brazil,BRA,2013,0.5268654
Brazil,BRA,2014,0.5203314
Brazil,BRA,2015,0.51930827
Brazil,BRA,2016,0.53342843
Brazil,BRA,2017,0.5333405
Brazil,BRA,2018,0.53870946
Brazil,BRA,2019,0.5348577
Brazil,BRA,2020,0.4888038
Brazil,BRA,2021,0.52916694
Brazil,BRA,2022,0.52916694
Bulgaria,BGR,2010,0.35653573
Bulgaria,BGR,2011,0.34278607
Bulgaria,BGR,2012,0.36013922
Bulgaria,BGR,2013,0.36573645
Bulgaria,BGR,2014,0.37418568
Bulgaria,BGR,2015,0.38567346
Bulgaria,BGR,2016,0.40591064
Bulgaria,BGR,2017,0.40379047
Bulgaria,BGR,2018,0.412841
Bulgaria,BGR,2019,0.40271384
Bulgaria,BGR,2020,0.40523154
Bulgaria,BGR,2021,0.40523154
Bulgaria,BGR,2022,0.40523154
Burkina Faso,BFA,2010,
Burkina Faso,BFA,2011,
Burkina Faso,BFA,2012,
Burkina Faso,BFA,2013,
Burkina Faso,BFA,2014,0.35301226
Burkina Faso,BFA,2015,0.35301226
Burkina Faso,BFA,2016,0.35301226
Burkina Faso,BFA,2017,0.35301226
Burkina Faso,BFA,2018,0.43016732
Burkina Faso,BFA,2019,0.43016732
Burkina Faso,BFA,2020,0.43016732
Burkina Faso,BFA,2021,0.43016732
Burkina Faso,BFA,2022,0.43016732
Burundi,BDI,2010,
Burundi,BDI,2011,
Burundi,BDI,2012,
Burundi,BDI,2013,0.3862482
Burundi,BDI,2014,0.3862482
Burundi,BDI,2015,0.3862482
Burundi,BDI,2016,0.3862482
Burundi,BDI,2017,0.3862482
Burundi,BDI,2018,0.3862482
Burundi,BDI,2019,0.3862482
Burundi,BDI,2020,0.3862482
Burundi,BDI,2021,0.3862482
Burundi,BDI,2022,0.3862482
Cameroon,CMR,2010,
Cameroon,CMR,2011,
Cameroon,CMR,2012,
Cameroon,CMR,2013,
Cameroon,CMR,2014,0.46640873
Cameroon,CMR,2015,0.46640873
Cameroon,CMR,2016,0.46640873
Cameroon,CMR,2017,0.46640873
Cameroon,CMR,2018,0.46640873
Cameroon,CMR,2019,0.46640873
Cameroon,CMR,2020,0.46640873
Cameroon,CMR,2021,0.46640873
Cameroon,CMR,2022,0.46640873
Canada,CAN,2010,0.33592603
Canada,CAN,2011,0.32657078
Canada,CAN,2012,0.33539012
Canada,CAN,2013,0.3379898
Canada,CAN,2014,0.33157605
Canada,CAN,2015,0.33746484
Canada,CAN,2016,0.32701823
Canada,CAN,2017,0.33308205
Canada,CAN,2018,0.3250927
Canada,CAN,2019,0.31749648
Canada,CAN,2020,0.31749648
Canada,CAN,2021,0.31749648
Canada,CAN,2022,0.31749648
Cape Verde,CPV,2010,
Cape Verde,CPV,2011,
Cape Verde,CPV,2012,
Cape Verde,CPV,2013,
Cape Verde,CPV,2014,
Cape Verde,CPV,2015,0.42381087
Cape Verde,CPV,2016,0.42381087
Cape Verde,CPV,2017,0.42381087
Cape Verde,CPV,2018,0.42381087
Cape Verde,CPV,2019,0.42381087
Cape Verde,CPV,2020,0.42381087
Cape Verde,CPV,2021,0.42381087
Cape Verde,CPV,2022,0.42381087
Central African Republic,CAF,2010,
Central African Republic,CAF,2011,
Central African Republic,CAF,2012,
Central African Republic,CAF,2013,
Central African Republic,CAF,2014,
Central African Republic,CAF,2015,
Central African Republic,CAF,2016,
Central African Republic,CAF,2017,
Central African Republic,CAF,2018,
Central African Republic,CAF,2019,
Central African Republic,CAF,2020,
Central African Republic,CAF,2021,0.43046424
Central African Republic,CAF,2022,0.43046424
Chad,TCD,2010,
Chad,TCD,2011,0.43321213
Chad,TCD,2012,0.43321213
Chad,TCD,2013,0.43321213
Chad,TCD,2014,0.43321213
Chad,TCD,2015,0.43321213
Chad,TCD,2016,0.43321213
Chad,TCD,2017,0.43321213
Chad,TCD,2018,0.37499154
Chad,TCD,2019,0.37499154
Chad,TCD,2020,0.37499154
Chad,TCD,2021,0.37499154
Chad,TCD,2022,0.37499154
Chile,CHL,2010,
Chile,CHL,2011,0.4604835
Chile,CHL,2012,0.4604835
Chile,CHL,2013,0.45831105
Chile,CHL,2014,0.45831105
Chile,CHL,2015,0.44371328
Chile,CHL,2016,0.44371328
Chile,CHL,2017,0.4444103
Chile,CHL,2018,0.4444103
Chile,CHL,2019,0.4444103
Chile,CHL,2020,0.4492094
Chile,CHL,2021,0.4492094
Chile,CHL,2022,0.4492094
China,CHN,2010,0.43744954
China,CHN,2011,0.42409223
China,CHN,2012,0.42237166
China,CHN,2013,0.397364
China,CHN,2014,0.39177653
China,CHN,2015,0.38595304
China,CHN,2016,0.38480517
China,CHN,2017,0.39075777
China,CHN,2018,0.38497642
China,CHN,2019,0.38168344
China,CHN,2020,0.37090832
China,CHN,2021,0.37090832
China,CHN,2022,0.37090832
Colombia,COL,2010,0.54625475
Colombia,COL,2011,0.53490293
Colombia,COL,2012,0.5264548
Colombia,COL,2013,0.52632636
Colombia,COL,2014,0.52551013
Colombia,COL,2015,0.5099042
Colombia,COL,2016,0.5057068
Colombia,COL,2017,0.49715486
Colombia,COL,2018,0.50418705
Colombia,COL,2019,0.5133497
Colombia,COL,2020,0.5353081
Colombia,COL,2021,0.5149927
Colombia,COL,2022,0.5149927
Comoros,COM,2010,
Comoros,COM,2011,
Comoros,COM,2012,
Comoros,COM,2013,
Comoros,COM,2014,0.45334595
Comoros,COM,2015,0.45334595
Comoros,COM,2016,0.45334595
Comoros,COM,2017,0.45334595
Comoros,COM,2018,0.45334595
Comoros,COM,2019,0.45334595
Comoros,COM,2020,0.45334595
Comoros,COM,2021,0.45334595
Comoros,COM,2022,0.45334595
Congo,COG,2010,
Congo,COG,2011,0.4893867
Congo,COG,2012,0.4893867
Congo,COG,2013,0.4893867
Congo,COG,2014,0.4893867
Congo,COG,2015,0.4893867
Congo,COG,2016,0.4893867
Congo,COG,2017,0.4893867
Congo,COG,2018,0.4893867
Congo,COG,2019,0.4893867
Congo,COG,2020,0.4893867
Congo,COG,2021,0.4893867
Congo,COG,2022,0.4893867
Costa Rica,CRI,2010,0.4804597
Costa Rica,CRI,2011,0.48762167
Costa Rica,CRI,2012,0.4841903
Costa Rica,CRI,2013,0.4915247
Costa Rica,CRI,2014,0.48634195
Costa Rica,CRI,2015,0.4837614
Costa Rica,CRI,2016,0.48706067
Costa Rica,CRI,2017,0.4834654
Costa Rica,CRI,2018,0.47972405
Costa Rica,CRI,2019,0.48191166
Costa Rica,CRI,2020,0.49248964
Costa Rica,CRI,2021,0.4867917
Costa Rica,CRI,2022,0.47152537
Cote d'Ivoire,CIV,2010,
Cote d'Ivoire,CIV,2011,
Cote d'Ivoire,CIV,2012,
Cote d'Ivoire,CIV,2013,
Cote d'Ivoire,CIV,2014,
Cote d'Ivoire,CIV,2015,0.414748
Cote d'Ivoire,CIV,2016,0.414748
Cote d'Ivoire,CIV,2017,0.414748
Cote d'Ivoire,CIV,2018,0.37168875
Cote d'Ivoire,CIV,2019,0.37168875
Cote d'Ivoire,CIV,2020,0.37168875
Cote d'Ivoire,CIV,2021,0.37168875
Cote d'Ivoire,CIV,2022,0.37168875
Croatia,HRV,2010,0.273541
Croatia,HRV,2011,0.32257435
Croatia,HRV,2012,0.3247515
Croatia,HRV,2013,0.31995484
Croatia,HRV,2014,0.32107148
Croatia,HRV,2015,0.31115314
Croatia,HRV,2016,0.30899724
Croatia,HRV,2017,0.30354577
Croatia,HRV,2018,0.29729474
Croatia,HRV,2019,0.2890909
Croatia,HRV,2020,0.29544285
Croatia,HRV,2021,0.29544285
Croatia,HRV,2022,0.29544285
Cyprus,CYP,2010,0.31457928
Cyprus,CYP,2011,0.32625523
Cyprus,CYP,2012,0.34312433
Cyprus,CYP,2013,0.37041992
Cyprus,CYP,2014,0.35565653
Cyprus,CYP,2015,0.33966377
Cyprus,CYP,2016,0.32891795
Cyprus,CYP,2017,0.31416234
Cyprus,CYP,2018,0.3273986
Cyprus,CYP,2019,0.31224227
Cyprus,CYP,2020,0.31727943
Cyprus,CYP,2021,0.31727943
Cyprus,CYP,2022,0.31727943
Czechia,CZE,2010,0.26623514
Czechia,CZE,2011,0.26381344
Czechia,CZE,2012,0.26110017
Czechia,CZE,2013,0.26473904
Czechia,CZE,2014,0.25923222
Czechia,CZE,2015,0.25867432
Czechia,CZE,2016,0.25406334
Czechia,CZE,2017,0.2485221
Czechia,CZE,2018,0.24990341
Czechia,CZE,2019,0.25262198
Czechia,CZE,2020,0.26245132
Czechia,CZE,2021,0.26245132
Czechia,CZE,2022,0.26245132
Democratic Republic of Congo,COD,2010,
Democratic Republic of Congo,COD,2011,
Democratic Republic of Congo,COD,2012,0.42099708
Democratic Republic of Congo,COD,2013,0.42099708
Democratic Republic of Congo,COD,2014,0.42099708
Democratic Republic of Congo,COD,2015,0.42099708
Democratic Republic of Congo,COD,2016,0.42099708
Democratic Republic of Congo,COD,2017,0.42099708
Democratic Republic of Congo,COD,2018,0.42099708
Democratic Republic of Congo,COD,2019,0.42099708
Democratic Republic of Congo,COD,2020,0.42099708
Democratic Republic of Congo,COD,2021,0.42099708
Democratic Republic of Congo,COD,2022,0.42099708
Denmark,DNK,2010,0.2719856
Denmark,DNK,2011,0.27311745
Denmark,DNK,2012,0.2779075
Denmark,DNK,2013,0.28543764
Denmark,DNK,2014,0.2835288
Denmark,DNK,2015,0.28177446
Denmark,DNK,2016,0.28187442
Denmark,DNK,2017,0.28746662
Denmark,DNK,2018,0.28166336
Denmark,DNK,2019,0.27723646
Denmark,DNK,2020,0.27504268
Denmark,DNK,2021,0.27504268
Denmark,DNK,2022,0.27504268
Djibouti,DJI,2010,
Djibouti,DJI,2011,
Djibouti,DJI,2012,0.45134252
Djibouti,DJI,2013,0.44127074
Djibouti,DJI,2014,0.44127074
Djibouti,DJI,2015,0.44127074
Djibouti,DJI,2016,0.44127074
Djibouti,DJI,2017,0.4158799
Djibouti,DJI,2018,0.4158799
Djibouti,DJI,2019,0.4158799
Djibouti,DJI,2020,0.4158799
Djibouti,DJI,2021,0.4158799
Djibouti,DJI,2022,0.4158799
Dominican Republic,DOM,2010,0.473266
Dominican Republic,DOM,2011,0.47706905
Dominican Republic,DOM,2012,0.46133754
Dominican Republic,DOM,2013,0.47656393
Dominican Republic,DOM,2014,0.4428003
Dominican Republic,DOM,2015,0.45181635
Dominican Republic,DOM,2016,0.45723918
Dominican Republic,DOM,2017,0.42195615
Dominican Republic,DOM,2018,0.4368666
Dominican Republic,DOM,2019,0.41918564
Dominican Republic,DOM,2020,0.39631972
Dominican Republic,DOM,2021,0.38529852
Dominican Republic,DOM,2022,0.38529852
East Timor,TLS,2010,
East Timor,TLS,2011,
East Timor,TLS,2012,
East Timor,TLS,2013,
East Timor,TLS,2014,0.28652927
East Timor,TLS,2015,0.28652927
East Timor,TLS,2016,0.28652927
East Timor,TLS,2017,0.28652927
East Timor,TLS,2018,0.28652927
East Timor,TLS,2019,0.28652927
East Timor,TLS,2020,0.28652927
East Timor,TLS,2021,0.28652927
East Timor,TLS,2022,0.28652927
Ecuador,ECU,2010,0.48804435
Ecuador,ECU,2011,0.4587748
Ecuador,ECU,2012,0.46112326
Ecuador,ECU,2013,0.46864903
Ecuador,ECU,2014,0.4499505
Ecuador,ECU,2015,0.45954296
Ecuador,ECU,2016,0.45020068
Ecuador,ECU,2017,0.4467303
Ecuador,ECU,2018,0.45440298
Ecuador,ECU,2019,0.45711532
Ecuador,ECU,2020,0.47311273
Ecuador,ECU,2021,0.4580044
Ecuador,ECU,2022,0.45466313
Egypt,EGY,2010,0.30191457
Egypt,EGY,2011,0.30191457
Egypt,EGY,2012,0.28292203
Egypt,EGY,2013,0.28292203
Egypt,EGY,2014,0.28292203
Egypt,EGY,2015,0.31823358
Egypt,EGY,2016,0.31823358
Egypt,EGY,2017,0.31533954
Egypt,EGY,2018,0.31533954
Egypt,EGY,2019,0.31893557
Egypt,EGY,2020,0.31893557
Egypt,EGY,2021,0.31893557
Egypt,EGY,2022,0.31893557
El Salvador,SLV,2010,0.4351413
El Salvador,SLV,2011,0.4231836
El Salvador,SLV,2012,0.41829276
El Salvador,SLV,2013,0.43358964
El Salvador,SLV,2014,0.41559842
El Salvador,SLV,2015,0.40551943
El Salvador,SLV,2016,0.3997858
El Salvador,SLV,2017,0.38007188
El Salvador,SLV,2018,0.38610572
El Salvador,SLV,2019,0.38778764
El Salvador,SLV,2020,0.38778764
El Salvador,SLV,2021,0.39012462
El Salvador,SLV,2022,0.38757578
Estonia,EST,2010,0.320012
Estonia,EST,2011,0.32491633
Estonia,EST,2012,0.3291576
Estonia,EST,2013,0.35079786
Estonia,EST,2014,0.34591556
Estonia,EST,2015,0.3267033
Estonia,EST,2016,0.31196827
Estonia,EST,2017,0.30355027
Estonia,EST,2018,0.30321452
Estonia,EST,2019,0.30767542
Estonia,EST,2020,0.30737874
Estonia,EST,2021,0.30737874
Estonia,EST,2022,0.30737874
Eswatini,SWZ,2010,
Eswatini,SWZ,2011,
Eswatini,SWZ,2012,
Eswatini,SWZ,2013,
Eswatini,SWZ,2014,
Eswatini,SWZ,2015,
Eswatini,SWZ,2016,0.54579794
Eswatini,SWZ,2017,0.54579794
Eswatini,SWZ,2018,0.54579794
Eswatini,SWZ,2019,0.54579794
Eswatini,SWZ,2020,0.54579794
Eswatini,SWZ,2021,0.54579794
Eswatini,SWZ,2022,0.54579794
Ethiopia,ETH,2010,0.33170602
Ethiopia,ETH,2011,0.33170602
Ethiopia,ETH,2012,0.33170602
Ethiopia,ETH,2013,0.33170602
Ethiopia,ETH,2014,0.33170602
Ethiopia,ETH,2015,0.34993124
Ethiopia,ETH,2016,0.34993124
Ethiopia,ETH,2017,0.34993124
Ethiopia,ETH,2018,0.34993124
Ethiopia,ETH,2019,0.34993124
Ethiopia,ETH,2020,0.34993124
Ethiopia,ETH,2021,0.34993124
Ethiopia,ETH,2022,0.34993124
Fiji,FJI,2010,
Fiji,FJI,2011,
Fiji,FJI,2012,
Fiji,FJI,2013,0.36696598
Fiji,FJI,2014,0.36696598
Fiji,FJI,2015,0.36696598
Fiji,FJI,2016,0.36696598
Fiji,FJI,2017,0.36696598
Fiji,FJI,2018,0.36696598
Fiji,FJI,2019,0.30706868
Fiji,FJI,2020,0.30706868
Fiji,FJI,2021,0.30706868
Fiji,FJI,2022,0.30706868
Finland,FIN,2010,0.2771409
Finland,FIN,2011,0.2764282
Finland,FIN,2012,0.2709663
Finland,FIN,2013,0.27193958
Finland,FIN,2014,0.26776975
Finland,FIN,2015,0.2710204
Finland,FIN,2016,0.27078485
Finland,FIN,2017,0.27383086
Finland,FIN,2018,0.27329773
Finland,FIN,2019,0.27737328
Finland,FIN,2020,0.2709117
Finland,FIN,2021,0.2709117
Finland,FIN,2022,0.2709117
France,FRA,2010,0.3372048
France,FRA,2011,0.3329475
France,FRA,2012,0.3311486
France,FRA,2013,0.32512635
France,FRA,2014,0.32262185
France,FRA,2015,0.32704335
France,FRA,2016,0.31923744
France,FRA,2017,0.31632066
France,FRA,2018,0.32380688
France,FRA,2019,0.31199586
France,FRA,2020,0.3066147
France,FRA,2021,0.3066147
France,FRA,2022,0.3066147
Gabon,GAB,2010,
Gabon,GAB,2011,
Gabon,GAB,2012,
Gabon,GAB,2013,
Gabon,GAB,2014,
Gabon,GAB,2015,
Gabon,GAB,2016,
Gabon,GAB,2017,0.38024372
Gabon,GAB,2018,0.38024372
Gabon,GAB,2019,0.38024372
Gabon,GAB,2020,0.38024372
Gabon,GAB,2021,0.38024372
Gabon,GAB,2022,0.38024372
Gambia,GMB,2010,0.43568432
Gambia,GMB,2011,0.43568432
Gambia,GMB,2012,0.43568432
Gambia,GMB,2013,0.43568432
Gambia,GMB,2014,0.43568432
Gambia,GMB,2015,0.35918832
Gambia,GMB,2016,0.35918832
Gambia,GMB,2017,0.35918832
Gambia,GMB,2018,0.35918832
Gambia,GMB,2019,0.35918832
Gambia,GMB,2020,0.38757205
Gambia,GMB,2021,0.38757205
Gambia,GMB,2022,0.38757205
Georgia,GEO,2010,0.39461464
Georgia,GEO,2011,0.39595714
Georgia,GEO,2012,0.38954768
Georgia,GEO,2013,0.3858902
Georgia,GEO,2014,0.37554133
Georgia,GEO,2015,0.36503676
Georgia,GEO,2016,0.3663965
Georgia,GEO,2017,0.37939733
Georgia,GEO,2018,0.36411363
Georgia,GEO,2019,0.35900766
Georgia,GEO,2020,0.34465188
Georgia,GEO,2021,0.34178618
Georgia,GEO,2022,0.34178618
Germany,DEU,2010,0.3025288
Germany,DEU,2011,0.30668032
Germany,DEU,2012,0.3105579
Germany,DEU,2013,0.31473666
Germany,DEU,2014,0.30871856
Germany,DEU,2015,0.31443062
Germany,DEU,2016,0.31390682
Germany,DEU,2017,0.31851348
Germany,DEU,2018,0.3179069
Germany,DEU,2019,0.31719428
Germany,DEU,2020,0.31719428
Germany,DEU,2021,0.31719428
Germany,DEU,2022,0.31719428
Ghana,GHA,2010,
Ghana,GHA,2011,
Ghana,GHA,2012,0.42373204
Ghana,GHA,2013,0.42373204
Ghana,GHA,2014,0.42373204
Ghana,GHA,2015,0.42373204
Ghana,GHA,2016,0.4352088
Ghana,GHA,2017,0.4352088
Ghana,GHA,2018,0.4352088
Ghana,GHA,2019,0.4352088
Ghana,GHA,2020,0.4352088
Ghana,GHA,2021,0.4352088
Ghana,GHA,2022,0.4352088
Greece,GRC,2010,0.34103328
Greece,GRC,2011,0.3484941
Greece,GRC,2012,0.36251
Greece,GRC,2013,0.36127362
Greece,GRC,2014,0.35809505
Greece,GRC,2015,0.3600026
Greece,GRC,2016,0.3495864
Greece,GRC,2017,0.34352022
Greece,GRC,2018,0.32891205
Greece,GRC,2019,0.33104455
Greece,GRC,2020,0.33560613
Greece,GRC,2021,0.33560613
Greece,GRC,2022,0.33560613
Guatemala,GTM,2010,
Guatemala,GTM,2011,
Guatemala,GTM,2012,
Guatemala,GTM,2013,
Guatemala,GTM,2014,0.48278588
Guatemala,GTM,2015,0.48278588
Guatemala,GTM,2016,0.48278588
Guatemala,GTM,2017,0.48278588
Guatemala,GTM,2018,0.48278588
Guatemala,GTM,2019,0.48278588
Guatemala,GTM,2020,0.48278588
Guatemala,GTM,2021,0.48278588
Guatemala,GTM,2022,0.48278588
Guinea,GIN,2010,
Guinea,GIN,2011,
Guinea,GIN,2012,0.33729705
Guinea,GIN,2013,0.33729705
Guinea,GIN,2014,0.33729705
Guinea,GIN,2015,0.33729705
Guinea,GIN,2016,0.33729705
Guinea,GIN,2017,0.33729705
Guinea,GIN,2018,0.29591954
Guinea,GIN,2019,0.29591954
Guinea,GIN,2020,0.29591954
Guinea,GIN,2021,0.29591954
Guinea,GIN,2022,0.29591954
Guinea-Bissau,GNB,2010,0.5066424
Guinea-Bissau,GNB,2011,0.5066424
Guinea-Bissau,GNB,2012,0.5066424
Guinea-Bissau,GNB,2013,0.5066424
Guinea-Bissau,GNB,2014,0.5066424
Guinea-Bissau,GNB,2015,0.5066424
Guinea-Bissau,GNB,2016,0.5066424
Guinea-Bissau,GNB,2017,0.5066424
Guinea-Bissau,GNB,2018,0.34765232
Guinea-Bissau,GNB,2019,0.34765232
Guinea-Bissau,GNB,2020,0.34765232
Guinea-Bissau,GNB,2021,0.34765232
Guinea-Bissau,GNB,2022,0.34765232
Guyana,GUY,2010,
Guyana,GUY,2011,
Guyana,GUY,2012,
Guyana,GUY,2013,
Guyana,GUY,2014,
Guyana,GUY,2015,
Guyana,GUY,2016,
Guyana,GUY,2017,
Guyana,GUY,2018,
Guyana,GUY,2019,
Guyana,GUY,2020,
Guyana,GUY,2021,
Guyana,GUY,2022,0.4511814
Haiti,HTI,2010,
Haiti,HTI,2011,
Haiti,HTI,2012,0.41103774
Haiti,HTI,2013,0.41103774
Haiti,HTI,2014,0.41103774
Haiti,HTI,2015,0.41103774
Haiti,HTI,2016,0.41103774
Haiti,HTI,2017,0.41103774
Haiti,HTI,2018,0.41103774
Haiti,HTI,2019,0.41103774
Haiti,HTI,2020,0.41103774
Haiti,HTI,2021,0.41103774
Haiti,HTI,2022,0.41103774
Honduras,HND,2010,0.5308707
Honduras,HND,2011,0.5255979
Honduras,HND,2012,0.5337071
Honduras,HND,2013,0.49959752
Honduras,HND,2014,0.49878585
Honduras,HND,2015,0.49249893
Honduras,HND,2016,0.4981186
Honduras,HND,2017,0.49445528
Honduras,HND,2018,0.48937786
Honduras,HND,2019,0.48168167
Honduras,HND,2020,0.48168167
Honduras,HND,2021,0.48168167
Honduras,HND,2022,0.48168167
Hungary,HUN,2010,0.29444227
Hungary,HUN,2011,0.29158342
Hungary,HUN,2012,0.30804187
Hungary,HUN,2013,0.31504104
Hungary,HUN,2014,0.30917662
Hungary,HUN,2015,0.3040823
Hungary,HUN,2016,0.30327618
Hungary,HUN,2017,0.30584124
Hungary,HUN,2018,0.29612043
Hungary,HUN,2019,0.29950473
Hungary,HUN,2020,0.29713073
Hungary,HUN,2021,0.29713073
Hungary,HUN,2022,0.29713073
Iceland,ISL,2010,0.2617162
Iceland,ISL,2011,0.26830798
Iceland,ISL,2012,0.26769423
Iceland,ISL,2013,0.25402915
Iceland,ISL,2014,0.27800417
Iceland,ISL,2015,0.26787972
Iceland,ISL,2016,0.27241105
Iceland,ISL,2017,0.2613158
Iceland,ISL,2018,0.2613158
Iceland,ISL,2019,0.2613158
Iceland,ISL,2020,0.2613158
Iceland,ISL,2021,0.2613158
Iceland,ISL,2022,0.2613158
India,IND,2010,
India,IND,2011,0.35712585
India,IND,2012,0.35712585
India,IND,2013,0.35712585
India,IND,2014,0.35712585
India,IND,2015,0.34705412
India,IND,2016,0.34772223
India,IND,2017,0.3593948
India,IND,2018,0.34584644
India,IND,2019,0.3502112
India,IND,2020,0.3477095
India,IND,2021,0.34214914
India,IND,2022,0.34214914
Indonesia,IDN,2010,0.37205338
Indonesia,IDN,2011,0.4045815
Indonesia,IDN,2012,0.40459642
Indonesia,IDN,2013,0.4079118
Indonesia,IDN,2014,0.40175667
Indonesia,IDN,2015,0.4039737
Indonesia,IDN,2016,0.39300278
Indonesia,IDN,2017,0.38785264
Indonesia,IDN,2018,0.38410378
Indonesia,IDN,2019,0.37610123
Indonesia,IDN,2020,0.37605485
Indonesia,IDN,2021,0.3791565
Indonesia,IDN,2022,0.37919053
Iran,IRN,2010,
Iran,IRN,2011,
Iran,IRN,2012,
Iran,IRN,2013,0.3735951
Iran,IRN,2014,0.38783294
Iran,IRN,2015,0.39471003
Iran,IRN,2016,0.39965197
Iran,IRN,2017,0.4080294
Iran,IRN,2018,0.420033
Iran,IRN,2019,0.4093597
Iran,IRN,2020,0.4093597
Iran,IRN,2021,0.4093597
Iran,IRN,2022,0.4093597
Iraq,IRQ,2010,
Iraq,IRQ,2011,
Iraq,IRQ,2012,0.29541856
Iraq,IRQ,2013,0.29541856
Iraq,IRQ,2014,0.29541856
Iraq,IRQ,2015,0.29541856
Iraq,IRQ,2016,0.29541856
Iraq,IRQ,2017,0.29541856
Iraq,IRQ,2018,0.29541856
Iraq,IRQ,2019,0.29541856
Iraq,IRQ,2020,0.29541856
Iraq,IRQ,2021,0.29541856
Iraq,IRQ,2022,0.29541856
Ireland,IRL,2010,0.32297096
Ireland,IRL,2011,0.32874694
Ireland,IRL,2012,0.33220753
Ireland,IRL,2013,0.33489192
Ireland,IRL,2014,0.31876454
Ireland,IRL,2015,0.3182154
Ireland,IRL,2016,0.32807598
Ireland,IRL,2017,0.31359804
Ireland,IRL,2018,0.30602926
Ireland,IRL,2019,0.308315
Ireland,IRL,2020,0.29228526
Ireland,IRL,2021,0.29228526
Ireland,IRL,2022,0.29228526
Israel,ISR,2010,0.42527026
Israel,ISR,2011,0.41444165
Israel,ISR,2012,0.41609597
Israel,ISR,2013,0.40224823
Israel,ISR,2014,0.3975749
Israel,ISR,2015,0.3971953
Israel,ISR,2016,0.39013016
Israel,ISR,2017,0.38202065
Israel,ISR,2018,0.38577175
Israel,ISR,2019,0.38577175
Israel,ISR,2020,0.38577175
Israel,ISR,2021,0.38577175
Israel,ISR,2022,0.38577175
Italy,ITA,2010,0.3472131
Italy,ITA,2011,0.35057214
Italy,ITA,2012,0.3515561
Italy,ITA,2013,0.3491185
Italy,ITA,2014,0.3465733
Italy,ITA,2015,0.35397437
Italy,ITA,2016,0.3524625
Italy,ITA,2017,0.35928002
Italy,ITA,2018,0.35222572
Italy,ITA,2019,0.34587252
Italy,ITA,2020,0.35244223
Italy,ITA,2021,0.35244223
Italy,ITA,2022,0.35244223
Jamaica,JAM,2010,
Jamaica,JAM,2011,
Jamaica,JAM,2012,
Jamaica,JAM,2013,
Jamaica,JAM,2014,
Jamaica,JAM,2015,
Jamaica,JAM,2016,
Jamaica,JAM,2017,
Jamaica,JAM,2018,
Jamaica,JAM,2019,
Jamaica,JAM,2020,
Jamaica,JAM,2021,
Jamaica,JAM,2022,0.45457473
Japan,JPN,2010,0.3210032
Japan,JPN,2011,0.3210032
Japan,JPN,2012,0.3210032
Japan,JPN,2013,0.3285473
Japan,JPN,2014,0.3285473
Japan,JPN,2015,0.3285473
Japan,JPN,2016,0.3285473
Japan,JPN,2017,0.3285473
Japan,JPN,2018,0.3285473
Japan,JPN,2019,0.3285473
Japan,JPN,2020,0.3285473
Japan,JPN,2021,0.3285473
Japan,JPN,2022,0.3285473
Jordan,JOR,2010,0.3365573
Jordan,JOR,2011,0.3365573
Jordan,JOR,2012,0.3365573
Jordan,JOR,2013,0.3365573
Jordan,JOR,2014,0.3365573
Jordan,JOR,2015,0.3365573
Jordan,JOR,2016,0.3365573
Jordan,JOR,2017,0.3365573
Jordan,JOR,2018,0.3365573
Jordan,JOR,2019,0.3365573
Jordan,JOR,2020,0.3365573
Jordan,JOR,2021,0.3365573
Jordan,JOR,2022,0.3365573
Kazakhstan,KAZ,2010,0.27954513
Kazakhstan,KAZ,2011,0.27983844
Kazakhstan,KAZ,2012,0.2816882
Kazakhstan,KAZ,2013,0.2706543
Kazakhstan,KAZ,2014,0.2701586
Kazakhstan,KAZ,2015,0.26803666
Kazakhstan,KAZ,2016,0.27225325
Kazakhstan,KAZ,2017,0.27450275
Kazakhstan,KAZ,2018,0.27792874
Kazakhstan,KAZ,2019,0.27792874
Kazakhstan,KAZ,2020,0.27792874
Kazakhstan,KAZ,2021,0.27792874
Kazakhstan,KAZ,2022,0.27792874
Kenya,KEN,2010,
Kenya,KEN,2011,
Kenya,KEN,2012,
Kenya,KEN,2013,
Kenya,KEN,2014,
Kenya,KEN,2015,0.40775773
Kenya,KEN,2016,0.40775773
Kenya,KEN,2017,0.40775773
Kenya,KEN,2018,0.40775773
Kenya,KEN,2019,0.40775773
Kenya,KEN,2020,0.36246458
Kenya,KEN,2021,0.3870376
Kenya,KEN,2022,0.3870376
Kiribati,KIR,2010,
Kiribati,KIR,2011,
Kiribati,KIR,2012,
Kiribati,KIR,2013,
Kiribati,KIR,2014,
Kiribati,KIR,2015,
Kiribati,KIR,2016,
Kiribati,KIR,2017,
Kiribati,KIR,2018,
Kiribati,KIR,2019,0.27832702
Kiribati,KIR,2020,0.27832702
Kiribati,KIR,2021,0.27832702
Kiribati,KIR,2022,0.27832702
Kosovo,OWID_KOS,2010,0.33254302
Kosovo,OWID_KOS,2011,0.27831748
Kosovo,OWID_KOS,2012,0.28972268
Kosovo,OWID_KOS,2013,0.2630659
Kosovo,OWID_KOS,2014,0.2727017
Kosovo,OWID_KOS,2015,0.26454154
Kosovo,OWID_KOS,2016,0.26721144
Kosovo,OWID_KOS,2017,0.29012942
Kosovo,OWID_KOS,2018,0.29012942
Kosovo,OWID_KOS,2019,0.29012942
Kosovo,OWID_KOS,2020,0.29012942
Kosovo,OWID_KOS,2021,0.29012942
Kosovo,OWID_KOS,2022,0.29012942
Kyrgyzstan,KGZ,2010,0.30133915
Kyrgyzstan,KGZ,2011,0.27839863
Kyrgyzstan,KGZ,2012,0.27357274
Kyrgyzstan,KGZ,2013,0.28815484
Kyrgyzstan,KGZ,2014,0.26819003
Kyrgyzstan,KGZ,2015,0.28997916
Kyrgyzstan,KGZ,2016,0.2678077
Kyrgyzstan,KGZ,2017,0.2733501
Kyrgyzstan,KGZ,2018,0.27690327
Kyrgyzstan,KGZ,2019,0.29701224
Kyrgyzstan,KGZ,2020,0.28989273
Kyrgyzstan,KGZ,2021,0.28989273
Kyrgyzstan,KGZ,2022,0.28989273
Laos,LAO,2010,
Laos,LAO,2011,
Laos,LAO,2012,0.35963547
Laos,LAO,2013,0.35963547
Laos,LAO,2014,0.35963547
Laos,LAO,2015,0.35963547
Laos,LAO,2016,0.35963547
Laos,LAO,2017,0.35963547
Laos,LAO,2018,0.38802433
Laos,LAO,2019,0.38802433
Laos,LAO,2020,0.38802433
Laos,LAO,2021,0.38802433
Laos,LAO,2022,0.38802433
Latvia,LVA,2010,0.3503441
Latvia,LVA,2011,0.35774368
Latvia,LVA,2012,0.35237688
Latvia,LVA,2013,0.3550057
Latvia,LVA,2014,0.35115233
Latvia,LVA,2015,0.34204435
Latvia,LVA,2016,0.3432963
Latvia,LVA,2017,0.35571936
Latvia,LVA,2018,0.3509615
Latvia,LVA,2019,0.3448954
Latvia,LVA,2020,0.35704768
Latvia,LVA,2021,0.35704768
Latvia,LVA,2022,0.35704768
Lebanon,LBN,2010,
Lebanon,LBN,2011,0.3183245
Lebanon,LBN,2012,0.3183245
Lebanon,LBN,2013,0.3183245
Lebanon,LBN,2014,0.3183245
Lebanon,LBN,2015,0.3183245
Lebanon,LBN,2016,0.3183245
Lebanon,LBN,2017,0.3183245
Lebanon,LBN,2018,0.3183245
Lebanon,LBN,2019,0.3183245
Lebanon,LBN,2020,0.3183245
Lebanon,LBN,2021,0.3183245
Lebanon,LBN,2022,0.3183245
Lesotho,LSO,2010,
Lesotho,LSO,2011,
Lesotho,LSO,2012,
Lesotho,LSO,2013,
Lesotho,LSO,2014,
Lesotho,LSO,2015,
Lesotho,LSO,2016,
Lesotho,LSO,2017,0.44879702
Lesotho,LSO,2018,0.44879702
Lesotho,LSO,2019,0.44879702
Lesotho,LSO,2020,0.44879702
Lesotho,LSO,2021,0.44879702
Lesotho,LSO,2022,0.44879702
Liberia,LBR,2010,
Liberia,LBR,2011,
Liberia,LBR,2012,
Liberia,LBR,2013,
Liberia,LBR,2014,0.33237883
Liberia,LBR,2015,0.33237883
Liberia,LBR,2016,0.3526546
Liberia,LBR,2017,0.3526546
Liberia,LBR,2018,0.3526546
Liberia,LBR,2019,0.3526546
Liberia,LBR,2020,0.3526546
Liberia,LBR,2021,0.3526546
Liberia,LBR,2022,0.3526546
Lithuania,LTU,2010,0.33619305
Lithuania,LTU,2011,0.32491052
Lithuania,LTU,2012,0.3509868
Lithuania,LTU,2013,0.35311148
Lithuania,LTU,2014,0.37681442
Lithuania,LTU,2015,0.37375224
Lithuania,LTU,2016,0.38391206
Lithuania,LTU,2017,0.372897
Lithuania,LTU,2018,0.35707808
Lithuania,LTU,2019,0.35253152
Lithuania,LTU,2020,0.35957366
Lithuania,LTU,2021,0.35957366
Lithuania,LTU,2022,0.35957366
Luxembourg,LUX,2010,0.3050438
Luxembourg,LUX,2011,0.3205412
Luxembourg,LUX,2012,0.3434715
Luxembourg,LUX,2013,0.32036045
Luxembourg,LUX,2014,0.3115832
Luxembourg,LUX,2015,0.32922232
Luxembourg,LUX,2016,0.31727982
Luxembourg,LUX,2017,0.34515738
Luxembourg,LUX,2018,0.35368094
Luxembourg,LUX,2019,0.34241262
Luxembourg,LUX,2020,0.3337364
Luxembourg,LUX,2021,0.3337364
Luxembourg,LUX,2022,0.3337364
Madagascar,MDG,2010,0.42417488
Madagascar,MDG,2011,0.42417488
Madagascar,MDG,2012,0.4264818
Madagascar,MDG,2013,0.4264818
Madagascar,MDG,2014,0.4264818
Madagascar,MDG,2015,0.4264818
Madagascar,MDG,2016,0.4264818
Madagascar,MDG,2017,0.4264818
Madagascar,MDG,2018,0.4264818
Madagascar,MDG,2019,0.4264818
Madagascar,MDG,2020,0.4264818
Madagascar,MDG,2021,0.4264818
Madagascar,MDG,2022,0.4264818
Malawi,MWI,2010,0.45475972
Malawi,MWI,2011,0.45475972
Malawi,MWI,2012,0.45475972
Malawi,MWI,2013,0.45475972
Malawi,MWI,2014,0.45475972
Malawi,MWI,2015,0.45475972
Malawi,MWI,2016,0.44694307
Malawi,MWI,2017,0.44694307
Malawi,MWI,2018,0.44694307
Malawi,MWI,2019,0.38543174
Malawi,MWI,2020,0.38543174
Malawi,MWI,2021,0.38543174
Malawi,MWI,2022,0.38543174
Malaysia,MYS,2010,
Malaysia,MYS,2011,0.43943596
Malaysia,MYS,2012,0.43943596
Malaysia,MYS,2013,0.41348827
Malaysia,MYS,2014,0.41348827
Malaysia,MYS,2015,0.410664
Malaysia,MYS,2016,0.410664
Malaysia,MYS,2017,0.410664
Malaysia,MYS,2018,0.41176775
Malaysia,MYS,2019,0.41176775
Malaysia,MYS,2020,0.41176775
Malaysia,MYS,2021,0.41176775
Malaysia,MYS,2022,0.41176775
Maldives,MDV,2010,
Maldives,MDV,2011,
Maldives,MDV,2012,
Maldives,MDV,2013,
Maldives,MDV,2014,
Maldives,MDV,2015,
Maldives,MDV,2016,0.31285647
Maldives,MDV,2017,0.31285647
Maldives,MDV,2018,0.31285647
Maldives,MDV,2019,0.2928509
Maldives,MDV,2020,0.2928509
Maldives,MDV,2021,0.2928509
Maldives,MDV,2022,0.2928509
Mali,MLI,2010,
Mali,MLI,2011,
Mali,MLI,2012,
Mali,MLI,2013,
Mali,MLI,2014,
Mali,MLI,2015,
Mali,MLI,2016,
Mali,MLI,2017,
Mali,MLI,2018,0.3596336
Mali,MLI,2019,0.3596336
Mali,MLI,2020,0.3596336
Mali,MLI,2021,0.3596336
Mali,MLI,2022,0.3596336
Malta,MLT,2010,0.29025868
Malta,MLT,2011,0.2914259
Malta,MLT,2012,0.2936045
Malta,MLT,2013,0.28843665
Malta,MLT,2014,0.29020345
Malta,MLT,2015,0.29433772
Malta,MLT,2016,0.29089114
Malta,MLT,2017,0.2923224
Malta,MLT,2018,0.28665087
Malta,MLT,2019,0.3104208
Malta,MLT,2020,0.3140378
Malta,MLT,2021,0.3140378
Malta,MLT,2022,0.3140378
Marshall Islands,MHL,2010,
Marshall Islands,MHL,2011,
Marshall Islands,MHL,2012,
Marshall Islands,MHL,2013,
Marshall Islands,MHL,2014,
Marshall Islands,MHL,2015,
Marshall Islands,MHL,2016,
Marshall Islands,MHL,2017,
Marshall Islands,MHL,2018,
Marshall Islands,MHL,2019,0.35482943
Marshall Islands,MHL,2020,0.35482943
Marshall Islands,MHL,2021,0.35482943
Marshall Islands,MHL,2022,0.35482943
Mauritania,MRT,2010,
Mauritania,MRT,2011,
Mauritania,MRT,2012,
Mauritania,MRT,2013,
Mauritania,MRT,2014,0.3261935
Mauritania,MRT,2015,0.3261935
Mauritania,MRT,2016,0.3261935
Mauritania,MRT,2017,0.3261935
Mauritania,MRT,2018,0.3261935
Mauritania,MRT,2019,0.3261935
Mauritania,MRT,2020,0.3261935
Mauritania,MRT,2021,0.3261935
Mauritania,MRT,2022,0.3261935
Mauritius,MUS,2010,
Mauritius,MUS,2011,
Mauritius,MUS,2012,0.384654
Mauritius,MUS,2013,0.384654
Mauritius,MUS,2014,0.384654
Mauritius,MUS,2015,0.384654
Mauritius,MUS,2016,0.384654
Mauritius,MUS,2017,0.36761206
Mauritius,MUS,2018,0.36761206
Mauritius,MUS,2019,0.36761206
Mauritius,MUS,2020,0.36761206
Mauritius,MUS,2021,0.36761206
Mauritius,MUS,2022,0.36761206
Mexico,MEX,2010,0.4721391
Mexico,MEX,2011,0.4721391
Mexico,MEX,2012,0.48713467
Mexico,MEX,2013,0.48713467
Mexico,MEX,2014,0.4872244
Mexico,MEX,2015,0.4872244
Mexico,MEX,2016,0.47677714
Mexico,MEX,2017,0.47677714
Mexico,MEX,2018,0.46706957
Mexico,MEX,2019,0.46706957
Mexico,MEX,2020,0.4539873
Mexico,MEX,2021,0.4539873
Mexico,MEX,2022,0.4539873
Micronesia (country),FSM,2010,
Micronesia (country),FSM,2011,
Micronesia (country),FSM,2012,
Micronesia (country),FSM,2013,0.40057632
Micronesia (country),FSM,2014,0.40057632
Micronesia (country),FSM,2015,0.40057632
Micronesia (country),FSM,2016,0.40057632
Micronesia (country),FSM,2017,0.40057632
Micronesia (country),FSM,2018,0.40057632
Micronesia (country),FSM,2019,0.40057632
Micronesia (country),FSM,2020,0.40057632
Micronesia (country),FSM,2021,0.40057632
Micronesia (country),FSM,2022,0.40057632
Moldova,MDA,2010,0.3205092
Moldova,MDA,2011,0.30628577
Moldova,MDA,2012,0.2915884
Moldova,MDA,2013,0.2853416
Moldova,MDA,2014,0.26833853
Moldova,MDA,2015,0.27028158
Moldova,MDA,2016,0.26345387
Moldova,MDA,2017,0.25899243
Moldova,MDA,2018,0.25661647
Moldova,MDA,2019,0.26016647
Moldova,MDA,2020,0.26016647
Moldova,MDA,2021,0.25731638
Moldova,MDA,2022,0.25731638
Mongolia,MNG,2010,0.33081213
Mongolia,MNG,2011,0.33883506
Mongolia,MNG,2012,0.33751616
Mongolia,MNG,2013,0.33751616
Mongolia,MNG,2014,0.3203779
Mongolia,MNG,2015,0.3203779
Mongolia,MNG,2016,0.32345733
Mongolia,MNG,2017,0.32345733
Mongolia,MNG,2018,0.3274099
Mongolia,MNG,2019,0.3274099
Mongolia,MNG,2020,0.3274099
Mongolia,MNG,2021,0.3274099
Mongolia,MNG,2022,0.3274099
Montenegro,MNE,2010,0.28893095
Montenegro,MNE,2011,0.30819854
Montenegro,MNE,2012,0.32273737
Montenegro,MNE,2013,0.32442936
Montenegro,MNE,2014,0.31926522
Montenegro,MNE,2015,0.39005032
Montenegro,MNE,2016,0.38487947
Montenegro,MNE,2017,0.36906824
Montenegro,MNE,2018,0.36811927
Montenegro,MNE,2019,0.36811927
Montenegro,MNE,2020,0.36811927
Montenegro,MNE,2021,0.36811927
Montenegro,MNE,2022,0.36811927
Morocco,MAR,2010,
Morocco,MAR,2011,
Morocco,MAR,2012,
Morocco,MAR,2013,0.39548507
Morocco,MAR,2014,0.39548507
Morocco,MAR,2015,0.39548507
Morocco,MAR,2016,0.39548507
Morocco,MAR,2017,0.39548507
Morocco,MAR,2018,0.39548507
Morocco,MAR,2019,0.39548507
Morocco,MAR,2020,0.39548507
Morocco,MAR,2021,0.39548507
Morocco,MAR,2022,0.39548507
Mozambique,MOZ,2010,
Mozambique,MOZ,2011,
Mozambique,MOZ,2012,
Mozambique,MOZ,2013,
Mozambique,MOZ,2014,0.5399668
Mozambique,MOZ,2015,0.5399668
Mozambique,MOZ,2016,0.5399668
Mozambique,MOZ,2017,0.5399668
Mozambique,MOZ,2018,0.5399668
Mozambique,MOZ,2019,0.5045398
Mozambique,MOZ,2020,0.5045398
Mozambique,MOZ,2021,0.5045398
Mozambique,MOZ,2022,0.5045398
Myanmar,MMR,2010,
Myanmar,MMR,2011,
Myanmar,MMR,2012,
Myanmar,MMR,2013,
Myanmar,MMR,2014,
Myanmar,MMR,2015,0.3806851
Myanmar,MMR,2016,0.3806851
Myanmar,MMR,2017,0.3069687
Myanmar,MMR,2018,0.3069687
Myanmar,MMR,2019,0.3069687
Myanmar,MMR,2020,0.3069687
Myanmar,MMR,2021,0.3069687
Myanmar,MMR,2022,0.3069687
Namibia,NAM,2010,
Namibia,NAM,2011,
Namibia,NAM,2012,
Namibia,NAM,2013,
Namibia,NAM,2014,
Namibia,NAM,2015,0.5906661
Namibia,NAM,2016,0.5906661
Namibia,NAM,2017,0.5906661
Namibia,NAM,2018,0.5906661
Namibia,NAM,2019,0.5906661
Namibia,NAM,2020,0.5906661
Namibia,NAM,2021,0.5906661
Namibia,NAM,2022,0.5906661
Nauru,NRU,2010,
Nauru,NRU,2011,
Nauru,NRU,2012,0.3236158
Nauru,NRU,2013,0.3236158
Nauru,NRU,2014,0.3236158
Nauru,NRU,2015,0.3236158
Nauru,NRU,2016,0.3236158
Nauru,NRU,2017,0.3236158
Nauru,NRU,2018,0.3236158
Nauru,NRU,2019,0.3236158
Nauru,NRU,2020,0.3236158
Nauru,NRU,2021,0.3236158
Nauru,NRU,2022,0.3236158
Nepal,NPL,2010,0.32840586
Nepal,NPL,2011,0.32840586
Nepal,NPL,2012,0.32840586
Nepal,NPL,2013,0.32840586
Nepal,NPL,2014,0.32840586
Nepal,NPL,2015,0.32840586
Nepal,NPL,2016,0.32840586
Nepal,NPL,2017,0.32840586
Nepal,NPL,2018,0.32840586
Nepal,NPL,2019,0.32840586
Nepal,NPL,2020,0.32840586
Nepal,NPL,2021,0.32840586
Nepal,NPL,2022,0.32840586
Netherlands,NLD,2010,0.2784525
Netherlands,NLD,2011,0.27750087
Netherlands,NLD,2012,0.2762093
Netherlands,NLD,2013,0.2810648
Netherlands,NLD,2014,0.2863142
Netherlands,NLD,2015,0.2824158
Netherlands,NLD,2016,0.2817357
Netherlands,NLD,2017,0.2853582
Netherlands,NLD,2018,0.2812108
Netherlands,NLD,2019,0.29248333
Netherlands,NLD,2020,0.2599421
Netherlands,NLD,2021,0.2599421
Netherlands,NLD,2022,0.2599421
Nicaragua,NIC,2010,
Nicaragua,NIC,2011,
Nicaragua,NIC,2012,
Nicaragua,NIC,2013,
Nicaragua,NIC,2014,0.46156293
Nicaragua,NIC,2015,0.46156293
Nicaragua,NIC,2016,0.46156293
Nicaragua,NIC,2017,0.46156293
Nicaragua,NIC,2018,0.46156293
Nicaragua,NIC,2019,0.46156293
Nicaragua,NIC,2020,0.46156293
Nicaragua,NIC,2021,0.46156293
Nicaragua,NIC,2022,0.46156293
Niger,NER,2010,
Niger,NER,2011,0.31451714
Niger,NER,2012,0.31451714
Niger,NER,2013,0.31451714
Niger,NER,2014,0.34276575
Niger,NER,2015,0.34276575
Niger,NER,2016,0.34276575
Niger,NER,2017,0.34276575
Niger,NER,2018,0.37259424
Niger,NER,2019,0.37259424
Niger,NER,2020,0.37259424
Niger,NER,2021,0.37259424
Niger,NER,2022,0.37259424
Nigeria,NGA,2010,0.3565021
Nigeria,NGA,2011,0.3565021
Nigeria,NGA,2012,0.35513008
Nigeria,NGA,2013,0.35513008
Nigeria,NGA,2014,0.35513008
Nigeria,NGA,2015,0.3587978
Nigeria,NGA,2016,0.3587978
Nigeria,NGA,2017,0.3587978
Nigeria,NGA,2018,0.35127744
Nigeria,NGA,2019,0.35127744
Nigeria,NGA,2020,0.35127744
Nigeria,NGA,2021,0.35127744
Nigeria,NGA,2022,0.35127744
North Macedonia,MKD,2010,0.40160623
North Macedonia,MKD,2011,0.39374107
North Macedonia,MKD,2012,0.38136518
North Macedonia,MKD,2013,0.36242935
North Macedonia,MKD,2014,0.35205436
North Macedonia,MKD,2015,0.3559466
North Macedonia,MKD,2016,0.3453469
North Macedonia,MKD,2017,0.34200203
North Macedonia,MKD,2018,0.329607
North Macedonia,MKD,2019,0.33505884
North Macedonia,MKD,2020,0.33505884
North Macedonia,MKD,2021,0.33505884
North Macedonia,MKD,2022,0.33505884
Norway,NOR,2010,0.25723967
Norway,NOR,2011,0.25300366
Norway,NOR,2012,0.25726262
Norway,NOR,2013,0.26361203
Norway,NOR,2014,0.26752627
Norway,NOR,2015,0.27496895
Norway,NOR,2016,0.28493744
Norway,NOR,2017,0.2698733
Norway,NOR,2018,0.27560863
Norway,NOR,2019,0.27742285
Norway,NOR,2020,0.27742285
Norway,NOR,2021,0.27742285
Norway,NOR,2022,0.27742285
Pakistan,PAK,2010,0.28780863
Pakistan,PAK,2011,0.29697958
Pakistan,PAK,2012,0.29697958
Pakistan,PAK,2013,0.29528573
Pakistan,PAK,2014,0.29528573
Pakistan,PAK,2015,0.31291267
Pakistan,PAK,2016,0.31291267
Pakistan,PAK,2017,0.31291267
Pakistan,PAK,2018,0.29589266
Pakistan,PAK,2019,0.29589266
Pakistan,PAK,2020,0.29589266
Pakistan,PAK,2021,0.29589266
Pakistan,PAK,2022,0.29589266
Palestine,PSE,2010,0.3529443
Palestine,PSE,2011,0.34415236
Palestine,PSE,2012,0.34415236
Palestine,PSE,2013,0.34415236
Palestine,PSE,2014,0.34415236
Palestine,PSE,2015,0.34415236
Palestine,PSE,2016,0.3369004
Palestine,PSE,2017,0.3369004
Palestine,PSE,2018,0.3369004
Palestine,PSE,2019,0.3369004
Palestine,PSE,2020,0.3369004
Palestine,PSE,2021,0.3369004
Palestine,PSE,2022,0.3369004
Panama,PAN,2010,0.5160976
Panama,PAN,2011,0.51348317
Panama,PAN,2012,0.51739955
Panama,PAN,2013,0.51457196
Panama,PAN,2014,0.5046687
Panama,PAN,2015,0.50806665
Panama,PAN,2016,0.5040773
Panama,PAN,2017,0.49888504
Panama,PAN,2018,0.49212474
Panama,PAN,2019,0.49838337
Panama,PAN,2020,0.49838337
Panama,PAN,2021,0.50861204
Panama,PAN,2022,0.50861204
Papua New Guinea,PNG,2010,
Papua New Guinea,PNG,2011,
Papua New Guinea,PNG,2012,
Papua New Guinea,PNG,2013,
Papua New Guinea,PNG,2014,
Papua New Guinea,PNG,2015,
Papua New Guinea,PNG,2016,
Papua New Guinea,PNG,2017,
Papua New Guinea,PNG,2018,
Papua New Guinea,PNG,2019,
Papua New Guinea,PNG,2020,
Papua New Guinea,PNG,2021,
Papua New Guinea,PNG,2022,0.41850787
Paraguay,PRY,2010,0.5098244
Paraguay,PRY,2011,0.5230993
Paraguay,PRY,2012,0.47633564
Paraguay,PRY,2013,0.4793603
Paraguay,PRY,2014,0.50702643
Paraguay,PRY,2015,0.47605908
Paraguay,PRY,2016,0.47899717
Paraguay,PRY,2017,0.4854749
Paraguay,PRY,2018,0.459551
Paraguay,PRY,2019,0.45650637
Paraguay,PRY,2020,0.43481943
Paraguay,PRY,2021,0.42905566
Paraguay,PRY,2022,0.45109698
Peru,PER,2010,0.45537925
Peru,PER,2011,0.4466015
Peru,PER,2012,0.4444041
Peru,PER,2013,0.43882897
Peru,PER,2014,0.43139225
Peru,PER,2015,0.433564
Peru,PER,2016,0.43639258
Peru,PER,2017,0.4329279
Peru,PER,2018,0.42387646
Peru,PER,2019,0.41562784
Peru,PER,2020,0.43794137
Peru,PER,2021,0.40249866
Peru,PER,2022,0.40249866
Philippines,PHL,2010,
Philippines,PHL,2011,
Philippines,PHL,2012,0.4222433
Philippines,PHL,2013,0.4222433
Philippines,PHL,2014,0.4222433
Philippines,PHL,2015,0.40351498
Philippines,PHL,2016,0.40351498
Philippines,PHL,2017,0.40351498
Philippines,PHL,2018,0.37811705
Philippines,PHL,2019,0.37811705
Philippines,PHL,2020,0.37811705
Philippines,PHL,2021,0.37268466
Philippines,PHL,2022,0.37268466
Poland,POL,2010,0.33218834
Poland,POL,2011,0.32776344
Poland,POL,2012,0.32391277
Poland,POL,2013,0.3254952
Poland,POL,2014,0.32080153
Poland,POL,2015,0.31823528
Poland,POL,2016,0.3079635
Poland,POL,2017,0.30296582
Poland,POL,2018,0.3114105
Poland,POL,2019,0.30239472
Poland,POL,2020,0.30239472
Poland,POL,2021,0.30239472
Poland,POL,2022,0.30239472
Portugal,PRT,2010,0.35844672
Portugal,PRT,2011,0.36344677
Portugal,PRT,2012,0.36034793
Portugal,PRT,2013,0.36187103
Portugal,PRT,2014,0.35562173
Portugal,PRT,2015,0.355233
Portugal,PRT,2016,0.3519052
Portugal,PRT,2017,0.3380384
Portugal,PRT,2018,0.33492562
Portugal,PRT,2019,0.32762748
Portugal,PRT,2020,0.3466863
Portugal,PRT,2021,0.3466863
Portugal,PRT,2022,0.3466863
Romania,ROU,2010,0.2815824
Romania,ROU,2011,0.2721152
Romania,ROU,2012,0.27334237
Romania,ROU,2013,0.274507
Romania,ROU,2014,0.3601154
Romania,ROU,2015,0.3591389
Romania,ROU,2016,0.28345704
Romania,ROU,2017,0.36016828
Romania,ROU,2018,0.28782865
Romania,ROU,2019,0.348042
Romania,ROU,2020,0.3457247
Romania,ROU,2021,0.3457247
Romania,ROU,2022,0.3457247
Russia,RUS,2010,0.39548978
Russia,RUS,2011,0.39749315
Russia,RUS,2012,0.40714827
Russia,RUS,2013,0.40884423
Russia,RUS,2014,0.3988122
Russia,RUS,2015,0.37740842
Russia,RUS,2016,0.368485
Russia,RUS,2017,0.37239072
Russia,RUS,2018,0.37473005
Russia,RUS,2019,0.37691438
Russia,RUS,2020,0.3602981
Russia,RUS,2021,0.3602981
Russia,RUS,2022,0.3602981
Rwanda,RWA,2010,0.47222415
Rwanda,RWA,2011,0.47222415
Rwanda,RWA,2012,0.47222415
Rwanda,RWA,2013,0.4511283
Rwanda,RWA,2014,0.4511283
Rwanda,RWA,2015,0.4511283
Rwanda,RWA,2016,0.43710047
Rwanda,RWA,2017,0.43710047
Rwanda,RWA,2018,0.43710047
Rwanda,RWA,2019,0.43710047
Rwanda,RWA,2020,0.43710047
Rwanda,RWA,2021,0.43710047
Rwanda,RWA,2022,0.43710047
Saint Lucia,LCA,2010,
Saint Lucia,LCA,2011,
Saint Lucia,LCA,2012,
Saint Lucia,LCA,2013,
Saint Lucia,LCA,2014,
Saint Lucia,LCA,2015,
Saint Lucia,LCA,2016,0.5123331
Saint Lucia,LCA,2017,0.5123331
Saint Lucia,LCA,2018,0.5123331
Saint Lucia,LCA,2019,0.5123331
Saint Lucia,LCA,2020,0.5123331
Saint Lucia,LCA,2021,0.5123331
Saint Lucia,LCA,2022,0.5123331
Samoa,WSM,2010,
Samoa,WSM,2011,
Samoa,WSM,2012,
Samoa,WSM,2013,0.3873181
Samoa,WSM,2014,0.3873181
Samoa,WSM,2015,0.3873181
Samoa,WSM,2016,0.3873181
Samoa,WSM,2017,0.3873181
Samoa,WSM,2018,0.3873181
Samoa,WSM,2019,0.3873181
Samoa,WSM,2020,0.3873181
Samoa,WSM,2021,0.3873181
Samoa,WSM,2022,0.3873181
Sao Tome and Principe,STP,2010,0.3082127
Sao Tome and Principe,STP,2011,0.3082127
Sao Tome and Principe,STP,2012,0.3082127
Sao Tome and Principe,STP,2013,0.3082127
Sao Tome and Principe,STP,2014,0.3082127
Sao Tome and Principe,STP,2015,0.3082127
Sao Tome and Principe,STP,2016,0.3082127
Sao Tome and Principe,STP,2017,0.40749592
Sao Tome and Principe,STP,2018,0.40749592
Sao Tome and Principe,STP,2019,0.40749592
Sao Tome and Principe,STP,2020,0.40749592
Sao Tome and Principe,STP,2021,0.40749592
Sao Tome and Principe,STP,2022,0.40749592
Senegal,SEN,2010,
Senegal,SEN,2011,0.40285224
Senegal,SEN,2012,0.40285224
Senegal,SEN,2013,0.40285224
Senegal,SEN,2014,0.40285224
Senegal,SEN,2015,0.40285224
Senegal,SEN,2016,0.40285224
Senegal,SEN,2017,0.40285224
Senegal,SEN,2018,0.38314784
Senegal,SEN,2019,0.38314784
Senegal,SEN,2020,0.38314784
Senegal,SEN,2021,0.38314784
Senegal,SEN,2022,0.38314784
Serbia,SRB,2010,0.29016605
Serbia,SRB,2011,0.29016605
Serbia,SRB,2012,0.39924657
Serbia,SRB,2013,0.29017115
Serbia,SRB,2014,0.40494144
Serbia,SRB,2015,0.28515735
Serbia,SRB,2016,0.38832498
Serbia,SRB,2017,0.36151898
Serbia,SRB,2018,0.30351058
Serbia,SRB,2019,0.28953245
Serbia,SRB,2020,0.34952334
Serbia,SRB,2021,0.34952334
Serbia,SRB,2022,0.34952334
Seychelles,SYC,2010,
Seychelles,SYC,2011,
Seychelles,SYC,2012,
Seychelles,SYC,2013,0.4682279
Seychelles,SYC,2014,0.4682279
Seychelles,SYC,2015,0.4682279
Seychelles,SYC,2016,0.4682279
Seychelles,SYC,2017,0.4682279
Seychelles,SYC,2018,0.3212532
Seychelles,SYC,2019,0.3212532
Seychelles,SYC,2020,0.3212532
Seychelles,SYC,2021,0.3212532
Seychelles,SYC,2022,0.3212532
Sierra Leone,SLE,2010,
Sierra Leone,SLE,2011,0.3403024
Sierra Leone,SLE,2012,0.3403024
Sierra Leone,SLE,2013,0.3403024
Sierra Leone,SLE,2014,0.3403024
Sierra Leone,SLE,2015,0.3403024
Sierra Leone,SLE,2016,0.3403024
Sierra Leone,SLE,2017,0.3403024
Sierra Leone,SLE,2018,0.35690176
Sierra Leone,SLE,2019,0.35690176
Sierra Leone,SLE,2020,0.35690176
Sierra Leone,SLE,2021,0.35690176
Sierra Leone,SLE,2022,0.35690176
Slovakia,SVK,2010,0.2731572
Slovakia,SVK,2011,0.26538378
Slovakia,SVK,2012,0.26116297
Slovakia,SVK,2013,0.2808621
Slovakia,SVK,2014,0.26106635
Slovakia,SVK,2015,0.26491657
Slovakia,SVK,2016,0.25167745
Slovakia,SVK,2017,0.23237751
Slovakia,SVK,2018,0.24970147
Slovakia,SVK,2019,0.23232324
Slovakia,SVK,2020,0.23232324
Slovakia,SVK,2021,0.23232324
Slovakia,SVK,2022,0.23232324
Slovenia,SVN,2010,0.24933259
Slovenia,SVN,2011,0.24868034
Slovenia,SVN,2012,0.25585502
Slovenia,SVN,2013,0.26241106
Slovenia,SVN,2014,0.25657535
Slovenia,SVN,2015,0.25408465
Slovenia,SVN,2016,0.24757937
Slovenia,SVN,2017,0.24219307
Slovenia,SVN,2018,0.24633364
Slovenia,SVN,2019,0.24384232
Slovenia,SVN,2020,0.24031529
Slovenia,SVN,2021,0.24031529
Slovenia,SVN,2022,0.24031529
Solomon Islands,SLB,2010,
Solomon Islands,SLB,2011,
Solomon Islands,SLB,2012,0.37054926
Solomon Islands,SLB,2013,0.37054926
Solomon Islands,SLB,2014,0.37054926
Solomon Islands,SLB,2015,0.37054926
Solomon Islands,SLB,2016,0.37054926
Solomon Islands,SLB,2017,0.37054926
Solomon Islands,SLB,2018,0.37054926
Solomon Islands,SLB,2019,0.37054926
Solomon Islands,SLB,2020,0.37054926
Solomon Islands,SLB,2021,0.37054926
Solomon Islands,SLB,2022,0.37054926
South Africa,ZAF,2010,0.63383186
South Africa,ZAF,2011,0.63383186
South Africa,ZAF,2012,0.63383186
South Africa,ZAF,2013,0.63383186
South Africa,ZAF,2014,0.6302607
South Africa,ZAF,2015,0.6302607
South Africa,ZAF,2016,0.6302607
South Africa,ZAF,2017,0.6302607
South Africa,ZAF,2018,0.6302607
South Africa,ZAF,2019,0.6302607
South Africa,ZAF,2020,0.6302607
South Africa,ZAF,2021,0.6302607
South Africa,ZAF,2022,0.6302607
South Korea,KOR,2010,0.32021224
South Korea,KOR,2011,0.32021224
South Korea,KOR,2012,0.31558052
South Korea,KOR,2013,0.31558052
South Korea,KOR,2014,0.31192905
South Korea,KOR,2015,0.31192905
South Korea,KOR,2016,0.31404856
South Korea,KOR,2017,0.31404856
South Korea,KOR,2018,0.31404856
South Korea,KOR,2019,0.31404856
South Korea,KOR,2020,0.31404856
South Korea,KOR,2021,0.31404856
South Korea,KOR,2022,0.31404856
South Sudan,SSD,2010,
South Sudan,SSD,2011,
South Sudan,SSD,2012,
South Sudan,SSD,2013,
South Sudan,SSD,2014,
South Sudan,SSD,2015,
South Sudan,SSD,2016,0.44144127
South Sudan,SSD,2017,0.44144127
South Sudan,SSD,2018,0.44144127
South Sudan,SSD,2019,0.44144127
South Sudan,SSD,2020,0.44144127
South Sudan,SSD,2021,0.44144127
South Sudan,SSD,2022,0.44144127
Spain,ESP,2010,0.35246837
Spain,ESP,2011,0.35698605
Spain,ESP,2012,0.3540633
Spain,ESP,2013,0.36185166
Spain,ESP,2014,0.36054415
Spain,ESP,2015,0.3618142
Spain,ESP,2016,0.35759893
Spain,ESP,2017,0.34654546
Spain,ESP,2018,0.3471895
Spain,ESP,2019,0.34305838
Spain,ESP,2020,0.3486563
Spain,ESP,2021,0.3486563
Spain,ESP,2022,0.3486563
Sri Lanka,LKA,2010,
Sri Lanka,LKA,2011,
Sri Lanka,LKA,2012,0.38713607
Sri Lanka,LKA,2013,0.38713607
Sri Lanka,LKA,2014,0.38713607
Sri Lanka,LKA,2015,0.38713607
Sri Lanka,LKA,2016,0.39345774
Sri Lanka,LKA,2017,0.39345774
Sri Lanka,LKA,2018,0.39345774
Sri Lanka,LKA,2019,0.37663776
Sri Lanka,LKA,2020,0.37663776
Sri Lanka,LKA,2021,0.37663776
Sri Lanka,LKA,2022,0.37663776
Sudan,SDN,2010,
Sudan,SDN,2011,
Sudan,SDN,2012,
Sudan,SDN,2013,
Sudan,SDN,2014,0.34243196
Sudan,SDN,2015,0.34243196
Sudan,SDN,2016,0.34243196
Sudan,SDN,2017,0.34243196
Sudan,SDN,2018,0.34243196
Sudan,SDN,2019,0.34243196
Sudan,SDN,2020,0.34243196
Sudan,SDN,2021,0.34243196
Sudan,SDN,2022,0.34243196
Sweden,SWE,2010,0.2773816
Sweden,SWE,2011,0.2760662
Sweden,SWE,2012,0.2764538
Sweden,SWE,2013,0.2882522
Sweden,SWE,2014,0.28389722
Sweden,SWE,2015,0.29210192
Sweden,SWE,2016,0.29562175
Sweden,SWE,2017,0.28774604
Sweden,SWE,2018,0.2997419
Sweden,SWE,2019,0.29305574
Sweden,SWE,2020,0.28871885
Sweden,SWE,2021,0.28871885
Sweden,SWE,2022,0.28871885
Switzerland,CHE,2010,0.3255303
Switzerland,CHE,2011,0.3171362
Switzerland,CHE,2012,0.31567127
Switzerland,CHE,2013,0.3246219
Switzerland,CHE,2014,0.3252566
Switzerland,CHE,2015,0.32306957
Switzerland,CHE,2016,0.33042452
Switzerland,CHE,2017,0.32676333
Switzerland,CHE,2018,0.3314105
Switzerland,CHE,2019,0.3314105
Switzerland,CHE,2020,0.3314105
Switzerland,CHE,2021,0.3314105
Switzerland,CHE,2022,0.3314105
Syria,SYR,2010,
Syria,SYR,2011,
Syria,SYR,2012,
Syria,SYR,2013,
Syria,SYR,2014,
Syria,SYR,2015,
Syria,SYR,2016,
Syria,SYR,2017,
Syria,SYR,2018,
Syria,SYR,2019,
Syria,SYR,2020,
Syria,SYR,2021,
Syria,SYR,2022,0.37514603
Taiwan,TWN,2010,0.33213326
Taiwan,TWN,2011,0.33213326
Taiwan,TWN,2012,0.33213326
Taiwan,TWN,2013,0.32487386
Taiwan,TWN,2014,0.32487386
Taiwan,TWN,2015,0.32487386
Taiwan,TWN,2016,0.31482714
Taiwan,TWN,2017,0.31482714
Taiwan,TWN,2018,0.31482714
Taiwan,TWN,2019,0.31482714
Taiwan,TWN,2020,0.31482714
Taiwan,TWN,2021,0.31482714
Taiwan,TWN,2022,0.31482714
Tajikistan,TJK,2010,
Tajikistan,TJK,2011,
Tajikistan,TJK,2012,
Tajikistan,TJK,2013,
Tajikistan,TJK,2014,
Tajikistan,TJK,2015,0.33995718
Tajikistan,TJK,2016,0.33995718
Tajikistan,TJK,2017,0.33995718
Tajikistan,TJK,2018,0.33995718
Tajikistan,TJK,2019,0.33995718
Tajikistan,TJK,2020,0.33995718
Tajikistan,TJK,2021,0.33995718
Tajikistan,TJK,2022,0.33995718
Tanzania,TZA,2010,
Tanzania,TZA,2011,0.3778315
Tanzania,TZA,2012,0.3778315
Tanzania,TZA,2013,0.3778315
Tanzania,TZA,2014,0.3778315
Tanzania,TZA,2015,0.3778315
Tanzania,TZA,2016,0.3778315
Tanzania,TZA,2017,0.3778315
Tanzania,TZA,2018,0.4049123
Tanzania,TZA,2019,0.4049123
Tanzania,TZA,2020,0.4049123
Tanzania,TZA,2021,0.4049123
Tanzania,TZA,2022,0.4049123
Thailand,THA,2010,0.3940277
Thailand,THA,2011,0.37459034
Thailand,THA,2012,0.39256668
Thailand,THA,2013,0.37847108
Thailand,THA,2014,0.37032664
Thailand,THA,2015,0.35987332
Thailand,THA,2016,0.3689063
Thailand,THA,2017,0.36528754
Thailand,THA,2018,0.36412174
Thailand,THA,2019,0.34855723
Thailand,THA,2020,0.34985816
Thailand,THA,2021,0.35115325
Thailand,THA,2022,0.35115325
Togo,TGO,2010,
Togo,TGO,2011,0.46020582
Togo,TGO,2012,0.46020582
Togo,TGO,2013,0.46020582
Togo,TGO,2014,0.46020582
Togo,TGO,2015,0.4305614
Togo,TGO,2016,0.4305614
Togo,TGO,2017,0.4305614
Togo,TGO,2018,0.42534238
Togo,TGO,2019,0.42534238
Togo,TGO,2020,0.42534238
Togo,TGO,2021,0.42534238
Togo,TGO,2022,0.42534238
Tonga,TON,2010,
Tonga,TON,2011,
Tonga,TON,2012,
Tonga,TON,2013,
Tonga,TON,2014,
Tonga,TON,2015,0.33521304
Tonga,TON,2016,0.33521304
Tonga,TON,2017,0.33521304
Tonga,TON,2018,0.33521304
Tonga,TON,2019,0.33521304
Tonga,TON,2020,0.33521304
Tonga,TON,2021,0.33521304
Tonga,TON,2022,0.33521304
Trinidad and Tobago,TTO,2010,
Trinidad and Tobago,TTO,2011,
Trinidad and Tobago,TTO,2012,
Trinidad and Tobago,TTO,2013,
Trinidad and Tobago,TTO,2014,
Trinidad and Tobago,TTO,2015,
Trinidad and Tobago,TTO,2016,
Trinidad and Tobago,TTO,2017,
Trinidad and Tobago,TTO,2018,
Trinidad and Tobago,TTO,2019,
Trinidad and Tobago,TTO,2020,
Trinidad and Tobago,TTO,2021,
Trinidad and Tobago,TTO,2022,0.4027297
Tunisia,TUN,2010,0.35808256
Tunisia,TUN,2011,0.35808256
Tunisia,TUN,2012,0.35808256
Tunisia,TUN,2013,0.35808256
Tunisia,TUN,2014,0.35808256
Tunisia,TUN,2015,0.32815883
Tunisia,TUN,2016,0.32815883
Tunisia,TUN,2017,0.32815883
Tunisia,TUN,2018,0.32815883
Tunisia,TUN,2019,0.32815883
Tunisia,TUN,2020,0.32815883
Tunisia,TUN,2021,0.32815883
Tunisia,TUN,2022,0.32815883
Turkey,TUR,2010,0.3878508
Turkey,TUR,2011,0.40039355
Turkey,TUR,2012,0.40168938
Turkey,TUR,2013,0.401785
Turkey,TUR,2014,0.41236562
Turkey,TUR,2015,0.42854458
Turkey,TUR,2016,0.41873705
Turkey,TUR,2017,0.41405666
Turkey,TUR,2018,0.4187752
Turkey,TUR,2019,0.41909108
Turkey,TUR,2020,0.41909108
Turkey,TUR,2021,0.41909108
Turkey,TUR,2022,0.41909108
Turkmenistan,TKM,2010,
Turkmenistan,TKM,2011,
Turkmenistan,TKM,2012,
Turkmenistan,TKM,2013,
Turkmenistan,TKM,2014,
Turkmenistan,TKM,2015,
Turkmenistan,TKM,2016,
Turkmenistan,TKM,2017,
Turkmenistan,TKM,2018,
Turkmenistan,TKM,2019,
Turkmenistan,TKM,2020,
Turkmenistan,TKM,2021,
Turkmenistan,TKM,2022,0.40806928
Tuvalu,TUV,2010,0.39139032
Tuvalu,TUV,2011,0.39139032
Tuvalu,TUV,2012,0.39139032
Tuvalu,TUV,2013,0.39139032
Tuvalu,TUV,2014,0.39139032
Tuvalu,TUV,2015,0.39139032
Tuvalu,TUV,2016,0.39139032
Tuvalu,TUV,2017,0.39139032
Tuvalu,TUV,2018,0.39139032
Tuvalu,TUV,2019,0.39139032
Tuvalu,TUV,2020,0.39139032
Tuvalu,TUV,2021,0.39139032
Tuvalu,TUV,2022,0.39139032
Uganda,UGA,2010,
Uganda,UGA,2011,
Uganda,UGA,2012,0.41009966
Uganda,UGA,2013,0.41009966
Uganda,UGA,2014,0.41009966
Uganda,UGA,2015,0.41009966
Uganda,UGA,2016,0.42753693
Uganda,UGA,2017,0.42753693
Uganda,UGA,2018,0.42753693
Uganda,UGA,2019,0.42705452
Uganda,UGA,2020,0.42705452
Uganda,UGA,2021,0.42705452
Uganda,UGA,2022,0.42705452
Ukraine,UKR,2010,0.24818976
Ukraine,UKR,2011,0.24551843
Ukraine,UKR,2012,0.24740657
Ukraine,UKR,2013,0.24554986
Ukraine,UKR,2014,0.24025366
Ukraine,UKR,2015,0.2545754
Ukraine,UKR,2016,0.25002202
Ukraine,UKR,2017,0.26049048
Ukraine,UKR,2018,0.26071486
Ukraine,UKR,2019,0.26619467
Ukraine,UKR,2020,0.25627363
Ukraine,UKR,2021,0.25627363
Ukraine,UKR,2022,0.25627363
United Arab Emirates,ARE,2010,
United Arab Emirates,ARE,2011,
United Arab Emirates,ARE,2012,
United Arab Emirates,ARE,2013,0.3251042
United Arab Emirates,ARE,2014,0.3251042
United Arab Emirates,ARE,2015,0.3251042
United Arab Emirates,ARE,2016,0.3251042
United Arab Emirates,ARE,2017,0.3251042
United Arab Emirates,ARE,2018,0.3251042
United Arab Emirates,ARE,2019,0.3251042
United Arab Emirates,ARE,2020,0.3251042
United Arab Emirates,ARE,2021,0.3251042
United Arab Emirates,ARE,2022,0.3251042
United Kingdom,GBR,2010,0.337056
United Kingdom,GBR,2011,0.33191085
United Kingdom,GBR,2012,0.33090645
United Kingdom,GBR,2013,0.32699567
United Kingdom,GBR,2014,0.3314094
United Kingdom,GBR,2015,0.33311963
United Kingdom,GBR,2016,0.33109328
United Kingdom,GBR,2017,0.32609162
United Kingdom,GBR,2018,0.33691058
United Kingdom,GBR,2019,0.32825133
United Kingdom,GBR,2020,0.3264552
United Kingdom,GBR,2021,0.3264552
United Kingdom,GBR,2022,0.3264552
United States,USA,2010,0.40010712
United States,USA,2011,0.40937114
United States,USA,2012,0.4093686
United States,USA,2013,0.40652013
United States,USA,2014,0.41511607
United States,USA,2015,0.4123878
United States,USA,2016,0.41121885
United States,USA,2017,0.4118056
United States,USA,2018,0.41407844
United States,USA,2019,0.41535568
United States,USA,2020,0.3968309
United States,USA,2021,0.39751095
United States,USA,2022,0.39751095
Uruguay,URY,2010,0.44475016
Uruguay,URY,2011,0.42175317
Uruguay,URY,2012,0.3990057
Uruguay,URY,2013,0.4045091
Uruguay,URY,2014,0.40111083
Uruguay,URY,2015,0.4012877
Uruguay,URY,2016,0.396955
Uruguay,URY,2017,0.3946453
Uruguay,URY,2018,0.3968724
Uruguay,URY,2019,0.39676544
Uruguay,URY,2020,0.40156105
Uruguay,URY,2021,0.40777358
Uruguay,URY,2022,0.40777358
Uzbekistan,UZB,2010,
Uzbekistan,UZB,2011,
Uzbekistan,UZB,2012,
Uzbekistan,UZB,2013,
Uzbekistan,UZB,2014,
Uzbekistan,UZB,2015,
Uzbekistan,UZB,2016,
Uzbekistan,UZB,2017,
Uzbekistan,UZB,2018,
Uzbekistan,UZB,2019,
Uzbekistan,UZB,2020,
Uzbekistan,UZB,2021,
Uzbekistan,UZB,2022,0.35268798
Vanuatu,VUT,2010,0.37351298
Vanuatu,VUT,2011,0.37351298
Vanuatu,VUT,2012,0.37351298
Vanuatu,VUT,2013,0.37351298
Vanuatu,VUT,2014,0.37351298
Vanuatu,VUT,2015,0.37351298
Vanuatu,VUT,2016,0.37351298
Vanuatu,VUT,2017,0.37351298
Vanuatu,VUT,2018,0.37351298
Vanuatu,VUT,2019,0.32317576
Vanuatu,VUT,2020,0.32317576
Vanuatu,VUT,2021,0.32317576
Vanuatu,VUT,2022,0.32317576
Venezuela,VEN,2010,
Venezuela,VEN,2011,
Venezuela,VEN,2012,
Venezuela,VEN,2013,
Venezuela,VEN,2014,
Venezuela,VEN,2015,
Venezuela,VEN,2016,
Venezuela,VEN,2017,
Venezuela,VEN,2018,
Venezuela,VEN,2019,
Venezuela,VEN,2020,
Venezuela,VEN,2021,
Venezuela,VEN,2022,0.44770497
Vietnam,VNM,2010,0.39252725
Vietnam,VNM,2011,0.39252725
Vietnam,VNM,2012,0.35645887
Vietnam,VNM,2013,0.35645887
Vietnam,VNM,2014,0.34755376
Vietnam,VNM,2015,0.34755376
Vietnam,VNM,2016,0.3526674
Vietnam,VNM,2017,0.3526674
Vietnam,VNM,2018,0.35715547
Vietnam,VNM,2019,0.35715547
Vietnam,VNM,2020,0.36813417
Vietnam,VNM,2021,0.36813417
Vietnam,VNM,2022,0.36813417
Yemen,YEM,2010,
Yemen,YEM,2011,
Yemen,YEM,2012,
Yemen,YEM,2013,
Yemen,YEM,2014,0.36707094
Yemen,YEM,2015,0.36707094
Yemen,YEM,2016,0.36707094
Yemen,YEM,2017,0.36707094
Yemen,YEM,2018,0.36707094
Yemen,YEM,2019,0.36707094
Yemen,YEM,2020,0.36707094
Yemen,YEM,2021,0.36707094
Yemen,YEM,2022,0.36707094
Zambia,ZMB,2010,0.52034676
Zambia,ZMB,2011,0.52034676
Zambia,ZMB,2012,0.52034676
Zambia,ZMB,2013,0.52034676
Zambia,ZMB,2014,0.52034676
Zambia,ZMB,2015,0.55936635
Zambia,ZMB,2016,0.55936635
Zambia,ZMB,2017,0.55936635
Zambia,ZMB,2018,0.55936635
Zambia,ZMB,2019,0.55936635
Zambia,ZMB,2020,0.55936635
Zambia,ZMB,2021,0.55936635
Zambia,ZMB,2022,0.55936635
Zimbabwe,ZWE,2010,
Zimbabwe,ZWE,2011,0.43153575
Zimbabwe,ZWE,2012,0.43153575
Zimbabwe,ZWE,2013,0.43153575
Zimbabwe,ZWE,2014,0.43153575
Zimbabwe,ZWE,2015,0.43153575
Zimbabwe,ZWE,2016,0.43153575
Zimbabwe,ZWE,2017,0.44337082
Zimbabwe,ZWE,2018,0.44337082
Zimbabwe,ZWE,2019,0.5025645
Zimbabwe,ZWE,2020,0.5025645
Zimbabwe,ZWE,2021,0.5025645
Zimbabwe,ZWE,2022,0.5025645
